{"cameraMode":{"drawMode":0,"name":"Shaded","section":"Shading Mode"},"sceneLighting":true,"audioPlay":false,"sceneViewState":{"showFog":true,"showMaterialUpdate":false,"showSkybox":true,"showFlares":true,"showImageEffects":true,"showParticleSystems":true},"in2DMode":false,"pivot":{"x":-0.44149136543273928,"y":1.679714322090149,"z":0.5634059906005859},"rotation":{"x":0.09575849771499634,"y":0.6979042291641235,"z":-0.09501365572214127,"w":0.703374445438385},"size":3.7770230770111086,"orthographic":false}